insert into directory(pn, fname, lname, street, city, zip, state) values(4121231231, 'Michael', 'Johnson', '320 Fifth Avenue', 'Pittsburgh', 15213, 'PA');
insert into directory(pn, fname, lname, street, city, zip, state) values(4121232131, 'Michael', 'Johnson', '320 Fifth Avenue', 'Pittsburgh', 15213, 'PA');
insert into directory(pn, fname, lname, street, city, zip, state) values(4124564564, 'Kate', 'Stevenson', '310 Fifth Avenue', 'Pittsburgh', 15213, 'PA');
insert into directory(pn, fname, lname, street, city, zip, state) values(4127897897, 'Bill', 'Stevenson', '310 Fifth Avenue', 'Pittsburgh', 15213, 'PA');
insert into directory(pn, fname, lname, street, city, zip, state) values(4123121231, 'Bill', 'Stevenson', '310 Fifth Avenue', 'Pittsburgh', 15213, 'PA');
insert into directory(pn, fname, lname, street, city, zip, state) values(4127417417, 'Richard', 'Hurson', '340 Fifth Avenue', 'Pittsburgh', 15213, 'PA');
insert into directory(pn, fname, lname, street, city, zip, state) values(4127417612, 'Richard', 'Hurson', '340 Fifth Avenue', 'Pittsburgh', 15213, 'PA');
insert into directory(pn, fname, lname, street, city, zip, state) values(4122582582, 'Mary', 'Davis', '350 Fifth Avenue', 'Pittsburgh', 15217, 'PA');
insert into directory(pn, fname, lname, street, city, zip, state) values(4122581324, 'Mary', 'Davis', '350 Fifth Avenue', 'Pittsburgh', 15217, 'PA');
insert into directory(pn, fname, lname, street, city, zip, state) values(7247779797, 'Julia', 'Hurson', '3350 Fifth Avenue', 'Philadelphia', 22221, 'PA');
insert into directory(pn, fname, lname, street, city, zip, state) values(7247778787, 'Chris', 'Lyn', '62 Sixth St', 'Philadelphia', 22222, 'PA');
insert into directory(pn, fname, lname, street, city, zip, state) values(7243413412, 'Chris', 'Lyn', '62 Sixth St', 'Philadelphia', 22222, 'PA');
insert into directory(pn, fname, lname, street, city, zip, state) values(7248889898, 'Jones', 'Steward', '350 Fifth Avenue', 'Philadelphia', 22222, 'PA');
insert into directory(pn, fname, lname, street, city, zip, state) values(7249879879, 'James', 'Sam', '1210 Forbes Avenue', 'Philadelphia', 22132, 'PA');
insert into directory(pn, fname, lname, street, city, zip, state) values(7249871253, 'James', 'Sam', '1210 Forbes Avenue', 'Philadelphia', 22132, 'PA');
insert into directory(pn, fname, lname, street, city, zip, state) values(6243780132, 'Harry', 'Lee', '3721 Craig Street', 'Tridelphia', 16161, 'WV');
insert into directory(pn, fname, lname, street, city, zip, state) values(6241121342, 'Kate', 'Lee', '3721 Craig Street', 'Tridelphia', 16161, 'WV');
insert into directory(pn, fname, lname, street, city, zip, state) values(6242311322, 'Jack', 'Barry', '3521 Craig Street', 'Tridelphia', 16161, 'WV');
insert into directory(pn, fname, lname, street, city, zip, state) values(6241456123, 'Neil', 'Jackson', '2134 Seventh St', 'Tridelphia', 16161, 'WV');
insert into directory(pn, fname, lname, street, city, zip, state) values(4843504021, 'Frank', 'Shaw', '23 Fifth Avenue', 'Allentown', 14213, 'PA');
insert into directory(pn, fname, lname, street, city, zip, state) values(4843504245, 'Frank', 'Shaw', '23 Fifth Avenue', 'Allentown', 14213, 'PA');
insert into directory(pn, fname, lname, street, city, zip, state) values(4846235161, 'Liam', 'Allen', '345 Craig Street', 'Allentown', 14213, 'PA');
insert into directory(pn, fname, lname, street, city, zip, state) values(4846452231, 'Justin', 'Blosser', '231 Tenth Street', 'Allentown', 14213, 'PA');
insert into directory(pn, fname, lname, street, city, zip, state) values(4846452124, 'Justin', 'Blosser', '231 Tenth Street', 'Allentown', 14213, 'PA');
insert into customers(ssn, fname, lname, cell_pn, home_pn, street, city, zip, state, free_min, dob, free_sms) values(123456789, 'Michael', 'Johnson', 4121231231, 4121232131, '320 Fifth Avenue', 'Pittsburgh', 15213, 'PA', 300, to_date('01-JAN-91', 'dd-mon-yy'), 100);
insert into customers(ssn, fname, lname, cell_pn, home_pn, street, city, zip, state, free_min, dob, free_sms) values(123232343, 'Kate', 'Stevenson', 4124564564, 4123121231, '310 Fifth Avenue', 'Pittsburgh', 15213, 'PA', 300, to_date('05-FEB-90', 'dd-mon-yy'), 100);
insert into customers(ssn, fname, lname, cell_pn, home_pn, street, city, zip, state, free_min, dob, free_sms) values(445526754, 'Bill', 'Stevenson', 4127897897, 4123121231, '310 Fifth Avenue', 'Pittsburgh', 15213, 'PA', 600, to_date('11-DEC-92', 'dd-mon-yy'), 500);
insert into customers(ssn, fname, lname, cell_pn, home_pn, street, city, zip, state, free_min, dob, free_sms) values(254678898, 'Richard', 'Hurson', 4127417417, 4127417612, '340 Fifth Avenue', 'Pittsburgh', 15213, 'PA', 600, to_date('03-OCT-89', 'dd-mon-yy'), 500);
insert into customers(ssn, fname, lname, cell_pn, home_pn, street, city, zip, state, free_min, dob, free_sms) values(256796533, 'Mary', 'Davis', 4122582582, 4122581324, '350 Fifth Avenue', 'Pittsburgh', 15217, 'PA', 100, to_date('04-MAR-93', 'dd-mon-yy'), 500);
insert into customers(ssn, fname, lname, cell_pn, home_pn, street, city, zip, state, free_min, dob, free_sms) values(245312567, 'Frank', 'Shaw', 4843504021, 4843504245, '23 Fifth Avenue', 'Allentown', 14213, 'PA', 0, to_date('05-JUN-87', 'dd-mon-yy'), 0);
insert into customers(ssn, fname, lname, cell_pn, home_pn, street, city, zip, state, free_min, dob, free_sms) values(251347682, 'Jones', 'Steward', 7248889898, null, '350 Fifth Avenue', 'Philadelphia', 22222, 'PA', 150, to_date('04-JAN-90', 'dd-mon-yy'), 0);
insert into customers(ssn, fname, lname, cell_pn, home_pn, street, city, zip, state, free_min, dob, free_sms) values(312567834, 'James', 'Sam', 7249879879, 7249871253, '1210 Forbes Avenue', 'Philadelphia', 22132, 'PA', 100, to_date('15-AUG-88', 'dd-mon-yy'), 500);
insert into customers(ssn, fname, lname, cell_pn, home_pn, street, city, zip, state, free_min, dob, free_sms) values(421356312, 'Liam', 'Allen', 4846235161, null, '345 Craig Street', 'Allentown', 14213, 'PA', 0, to_date('16-SEP-92', 'dd-mon-yy'), 0);
insert into customers(ssn, fname, lname, cell_pn, home_pn, street, city, zip, state, free_min, dob, free_sms) values(452167351, 'Justin', 'Blosser', 4846452231, 4846452124, '231 Tenth Street', 'Allentown', 14213, 'PA', 300, to_date('01-MAY-90', 'dd-mon-yy'), 100);
insert into records(from_pn, to_pn, start_timestamp, duration, type) values(4121231231, 4124564564, to_timestamp('01-JAN-19 11.05.00.000000 AM', 'dd-mon-yy hh12:mi:ss:ff AM'), 300, 'call');
insert into records(from_pn, to_pn, start_timestamp, duration, type) values(4121231231, 7247779797, to_timestamp('01-JAN-19 05.10.00.000000 PM', 'dd-mon-yy hh12:mi:ss:ff PM'), 300, 'call');
insert into records(from_pn, to_pn, start_timestamp, duration, type) values(4121231231, 7247779797, to_timestamp('01-JAN-19 05.15.00.000000 PM', 'dd-mon-yy hh12:mi:ss:ff PM'), 0, 'sms');
insert into records(from_pn, to_pn, start_timestamp, duration, type) values(6243780132, 6242311322, to_timestamp('02-AUG-19 09.35.00.000000 PM', 'dd-mon-yy hh12:mi:ss:ff PM'), 0, 'sms');
insert into records(from_pn, to_pn, start_timestamp, duration, type) values(6243780132, 6242311322, to_timestamp('02-AUG-19 11.12.00.000000 PM', 'dd-mon-yy hh12:mi:ss:ff PM'), 200, 'call');
insert into records(from_pn, to_pn, start_timestamp, duration, type) values(4124564564, 7247778787, to_timestamp('08-AUG-19 11.05.00.000000 AM', 'dd-mon-yy hh12:mi:ss:ff AM'), 300, 'call');
insert into records(from_pn, to_pn, start_timestamp, duration, type) values(4127417417, 7248889898, to_timestamp('02-AUG-19 05.32.00.000000 AM', 'dd-mon-yy hh12:mi:ss:ff AM'), 0, 'sms');
insert into records(from_pn, to_pn, start_timestamp, duration, type) values(7248889898, 7247779797, to_timestamp('15-AUG-19 02.17.00.000000 PM', 'dd-mon-yy hh12:mi:ss:ff PM'), 60, 'call');
insert into records(from_pn, to_pn, start_timestamp, duration, type) values(7248889898, 7247778787, to_timestamp('01-SEP-19 11.03.00.000000 AM', 'dd-mon-yy hh12:mi:ss:ff AM'), 300, 'call');
insert into records(from_pn, to_pn, start_timestamp, duration, type) values(7249879879, 7248889898, to_timestamp('03-SEP-19 05.24.00.000000 PM', 'dd-mon-yy hh12:mi:ss:ff PM'), 100, 'call');
insert into records(from_pn, to_pn, start_timestamp, duration, type) values(4127417417, 7249879879, to_timestamp('05-SEP-19 06.24.00.000000 PM', 'dd-mon-yy hh12:mi:ss:ff PM'), 123, 'call');
insert into records(from_pn, to_pn, start_timestamp, duration, type) values(6243780132, 4846235161, to_timestamp('06-AUG-19 08.15.00.000000 PM', 'dd-mon-yy hh12:mi:ss:ff PM'), 0, 'sms');
insert into records(from_pn, to_pn, start_timestamp, duration, type) values(4843504021, 4846235161, to_timestamp('07-SEP-19 03.23.00.000000 PM', 'dd-mon-yy hh12:mi:ss:ff PM'), 50, 'call');
insert into records(from_pn, to_pn, start_timestamp, duration, type) values(4846235161, 4846452231, to_timestamp('23-SEP-19 12.23.00.000000 PM', 'dd-mon-yy hh12:mi:ss:ff PM'), 120, 'call');
insert into records(from_pn, to_pn, start_timestamp, duration, type) values(4846452231, 4846235161, to_timestamp('25-SEP-19 01.34.00.000000 PM', 'dd-mon-yy hh12:mi:ss:ff PM'), 200, 'call');
insert into records(from_pn, to_pn, start_timestamp, duration, type) values(4121231231, 6242311322, to_timestamp('02-AUG-19 08.30.00.000000 PM', 'dd-mon-yy hh12:mi:ss:ff PM'), 0, 'sms');
insert into records(from_pn, to_pn, start_timestamp, duration, type) values(7247778787, 6242311322, to_timestamp('02-AUG-19 08.31.00.000000 PM', 'dd-mon-yy hh12:mi:ss:ff PM'), 0, 'sms');
insert into records(from_pn, to_pn, start_timestamp, duration, type) values(6243780132, 6242311322, to_timestamp('02-AUG-19 08.32.00.000000 PM', 'dd-mon-yy hh12:mi:ss:ff PM'), 0, 'sms');
insert into records(from_pn, to_pn, start_timestamp, duration, type) values(6243780132, 6242311322, to_timestamp('26-SEP-19 11.12.00.000000 PM', 'dd-mon-yy hh12:mi:ss:ff PM'), 200, 'call');
insert into records(from_pn, to_pn, start_timestamp, duration, type) values(6241456123, 6241121342, to_timestamp('29-SEP-19 11.11.00.000000 PM', 'dd-mon-yy hh12:mi:ss:ff PM'), 100, 'call');
insert into records(from_pn, to_pn, start_timestamp, duration, type) values(4121231231, 6241121342, to_timestamp('30-SEP-19 11.11.00.000000 PM', 'dd-mon-yy hh12:mi:ss:ff PM'), 200, 'call');
insert into statements(cell_pn, start_date, end_date, total_minutes, total_SMS, amount_due, previous_balance) values(4121231231, to_date('01-SEP-19', 'dd-mon-yy'), to_date('30-SEP-19', 'dd-mon-yy'), 250, 0, 0, 39.99);
insert into statements(cell_pn, start_date, end_date, total_minutes, total_SMS, amount_due, previous_balance) values(4124564564, to_date('01-SEP-19', 'dd-mon-yy'), to_date('30-SEP-19', 'dd-mon-yy'), 600, 30, 200.99, 299.99);
insert into statements(cell_pn, start_date, end_date, total_minutes, total_SMS, amount_due, previous_balance) values(4127897897, to_date('01-SEP-19', 'dd-mon-yy'), to_date('30-SEP-19', 'dd-mon-yy'), 650, 27, 0, 59.99);
insert into statements(cell_pn, start_date, end_date, total_minutes, total_SMS, amount_due, previous_balance) values(4127417417, to_date('01-SEP-19', 'dd-mon-yy'), to_date('30-SEP-19', 'dd-mon-yy'), 517, 96, 49.99, 49.99);
insert into statements(cell_pn, start_date, end_date, total_minutes, total_SMS, amount_due, previous_balance) values(4122582582, to_date('01-SEP-19', 'dd-mon-yy'), to_date('30-SEP-19', 'dd-mon-yy'), 500, 270, 39.99, 139.99);
insert into statements(cell_pn, start_date, end_date, total_minutes, total_SMS, amount_due, previous_balance) values(4843504021, to_date('01-SEP-19', 'dd-mon-yy'), to_date('30-SEP-19', 'dd-mon-yy'), 230, 403, 0, 59.99);
insert into statements(cell_pn, start_date, end_date, total_minutes, total_SMS, amount_due, previous_balance) values(7248889898, to_date('01-SEP-19', 'dd-mon-yy'), to_date('30-SEP-19', 'dd-mon-yy'), 50, 0, 25.99, 25.99);
insert into statements(cell_pn, start_date, end_date, total_minutes, total_SMS, amount_due, previous_balance) values(7249879879, to_date('01-SEP-19', 'dd-mon-yy'), to_date('30-SEP-19', 'dd-mon-yy'), 700, 7, 50, 159.99);
insert into statements(cell_pn, start_date, end_date, total_minutes, total_SMS, amount_due, previous_balance) values(4846235161, to_date('01-SEP-19', 'dd-mon-yy'), to_date('30-SEP-19', 'dd-mon-yy'), 200, 83, 100, 199.99);
insert into statements(cell_pn, start_date, end_date, total_minutes, total_SMS, amount_due, previous_balance) values(4846452231, to_date('01-SEP-19', 'dd-mon-yy'), to_date('30-SEP-19', 'dd-mon-yy'), 500, 12, 59.99, 179.99);
insert into payments(cell_pn, paid_on, amount_paid) values(4121231231, to_timestamp('05-AUG-19 12.00.00.000000 AM', 'dd-mon-yy hh12:mi:ss:ff AM'), 39.99);
insert into payments(cell_pn, paid_on, amount_paid) values(4121231231, to_timestamp('04-SEP-19 12.00.00.000000 AM', 'dd-mon-yy hh12:mi:ss:ff AM'), 39.99);
insert into payments(cell_pn, paid_on, amount_paid) values(4124564564, to_timestamp('03-AUG-19 12.00.00.000000 AM', 'dd-mon-yy hh12:mi:ss:ff AM'), 100);
insert into payments(cell_pn, paid_on, amount_paid) values(4127897897, to_timestamp('06-AUG-19 12.00.00.000000 AM', 'dd-mon-yy hh12:mi:ss:ff AM'), 39.99);
insert into payments(cell_pn, paid_on, amount_paid) values(4127417417, to_timestamp('06-AUG-19 12.00.00.000000 AM', 'dd-mon-yy hh12:mi:ss:ff AM'), 10);
commit;

select ssn, fname, lname, cell_pn, home_pn, street, city, zip, state, free_min, free_sms, to_char(dob, 'dd-MON-yy') from CUSTOMERS;
select * from directory;
select cell_pn, to_char(paid_on, 'dd-MON-yy hh12:mi:ss AM'), amount_paid from payments;
select from_pn, to_pn, to_char(start_timestamp, 'dd-MON-yy hh12:mi:ss AM'), duration, type from records;
select cell_pn, to_char(START_DATE, 'dd-MON-yy'), to_char(end_DATE, 'dd-MON-yy'), total_minutes, total_sms, amount_due, previous_balance from statements;